-- phpMyAdmin SQL Dump
-- version 4.9.4
-- https://www.phpmyadmin.net/
--
-- Хост: localhost:3306
-- Время создания: Мар 17 2020 г., 19:19
-- Версия сервера: 10.1.44-MariaDB-cll-lve
-- Версия PHP: 7.3.6

SET SQL_MODE = "NO_AUTO_VALUE_ON_ZERO";
SET AUTOCOMMIT = 0;
START TRANSACTION;
SET time_zone = "+00:00";


/*!40101 SET @OLD_CHARACTER_SET_CLIENT=@@CHARACTER_SET_CLIENT */;
/*!40101 SET @OLD_CHARACTER_SET_RESULTS=@@CHARACTER_SET_RESULTS */;
/*!40101 SET @OLD_COLLATION_CONNECTION=@@COLLATION_CONNECTION */;
/*!40101 SET NAMES utf8mb4 */;

--
-- База данных: `axiliumb_axe`
--

-- --------------------------------------------------------

--
-- Структура таблицы `patients`
--

CREATE TABLE `patients` (
  `id` int(11) NOT NULL,
  `full_name` varchar(250) NOT NULL,
  `user_id` int(11) NOT NULL,
  `content` text,
  `comment's` text,
  `donate_info` text,
  `immediantly` int(11) NOT NULL DEFAULT '0',
  `views` int(11) NOT NULL DEFAULT '0',
  `profile_image` varchar(1000) NOT NULL,
  `naglowek` varchar(250) DEFAULT NULL,
  `adress` varchar(250) DEFAULT NULL,
  `goal_summ` int(11) NOT NULL,
  `progress` int(250) NOT NULL
) ENGINE=InnoDB DEFAULT CHARSET=utf8;

--
-- Дамп данных таблицы `patients`
--

INSERT INTO `patients` (`id`, `full_name`, `user_id`, `content`, `comment's`, `donate_info`, `immediantly`, `views`, `profile_image`, `naglowek`, `adress`, `goal_summ`, `progress`) VALUES
(2, 'Dodikantus Likantropus', 28, 'Lorem ipsum dolor sit amet, consectetur adipiscing elit. Sed turpis libero, fermentum vitae ex a, suscipit efficitur odio. Ut eu eros scelerisque, porta tortor a, tincidunt quam. Praesent venenatis laoreet lacinia. Nunc egestas turpis quis felis tincidunt, et cursus urna sollicitudin. Aliquam a ullamcorper magna. Nulla vulputate leo eu magna luctus, nec efficitur arcu vehicula. Vestibulum eleifend finibus imperdiet. Morbi interdum fringilla ante, quis blandit dui finibus sed. Maecenas lacus turpis, feugiat et porttitor id, hendrerit at tortor. Fusce pharetra, ipsum nec volutpat congue, sapien odio efficitur nunc, non volutpat ipsum lectus ac massa. Morbi bibendum lorem sem, eget varius nisl euismod non. Morbi quis ornare ipsum. Etiam aliquet, ligula non convallis aliquet, odio sem tempus ante, nec ultricies nisl risus eget turpis. Quisque bibendum justo eget vestibulum cursus.\r\n\r\nSuspendisse quis lobortis est. In sit amet velit arcu. Duis vel ullamcorper nibh. Vestibulum facilisis orci quam, at finibus ligula gravida at. Ut velit felis, convallis sed aliquam eu, fringilla ut diam. Fusce fermentum sollicitudin nisi rhoncus congue. Sed eget convallis enim. In faucibus malesuada ante, nec tempor ligula lacinia ut. Morbi sollicitudin, purus vitae consequat varius, risus velit blandit tellus, vel scelerisque enim erat ac ligula. Sed in commodo mauris. Vestibulum scelerisque erat sit amet dapibus aliquet.\r\n\r\nCras rhoncus sapien turpis, eu rhoncus purus efficitur a. Phasellus nec pellentesque purus. Phasellus dictum lobortis purus quis rhoncus. Vivamus est risus, malesuada vitae dui eget, tempor ullamcorper lectus. Curabitur ut sapien eu felis placerat porta non quis nunc. Integer interdum ultrices maximus. Nulla ultrices et mi nec pulvinar. Fusce ut tincidunt nisi. Aliquam volutpat risus nec mauris aliquam accumsan.\r\n\r\nNam lacinia tempor leo ut tincidunt. Integer placerat sed nisl non porttitor. Fusce quis turpis et orci suscipit vehicula. Phasellus quis arcu vitae nisl scelerisque condimentum. Mauris fringilla mauris sed ullamcorper vulputate. Duis vestibulum magna a neque fringilla mattis. Ut sed lorem non nunc semper varius vitae vel nisi. Praesent suscipit urna pulvinar interdum placerat. Cras velit metus, viverra in aliquet eget, ullamcorper in ex. Vivamus viverra neque a eros maximus, sit amet blandit leo ultricies. Sed vitae enim at odio mattis ornare. Sed consequat ultricies tincidunt. Pellentesque accumsan vulputate neque at pharetra.\r\n\r\nInteger ultricies sodales ex nec blandit. Pellentesque non luctus turpis, eu viverra ante. Etiam sodales venenatis accumsan. Cras sit amet scelerisque sem. In placerat interdum dignissim. Praesent tincidunt augue eget mi varius, et blandit erat sodales. Pellentesque habitant morbi tristique senectus et netus et malesuada fames ac turpis egestas. Nulla faucibus, eros sed lacinia tristique, risus mi posuere lectus, eget venenatis urna quam a urna. Aliquam vehicula congue leo, eu malesuada eros vulputate et. Mauris non ipsum rhoncus, egestas sapien laoreet, dignissim dolor. Aenean lectus mauris, porta sit amet turpis non, mollis sagittis nunc. Quisque eleifend felis sed orci gravida viverra pulvinar eu elit. Vestibulum sapien risus, sollicitudin sed placerat a, tempor vel quam.\r\n\r\nNulla ultricies eros a imperdiet iaculis. Donec vulputate nibh erat, nec rhoncus urna sollicitudin non. Nullam sollicitudin interdum velit, at consequat nunc tempor quis. Duis convallis ligula non nulla tincidunt viverra non non purus. Aenean elementum mi a maximus efficitur. Nam vel orci vel mauris pretium consequat a quis odio. Quisque eget semper dolor, at eleifend nunc. Interdum et malesuada fames ac ante ipsum primis in faucibus. Aenean venenatis non dui a maximus. Donec quis nibh a mauris consequat egestas sit amet et urna.\r\n\r\nNulla non nisl sed ex lacinia aliquet aliquam eu purus. Integer a est id eros accumsan lobortis. Vivamus et fringilla nisl. Ut aliquet id ipsum at consequat. In non feugiat risus. Fusce facilisis, tortor nec eleifend imperdiet, mi ligula ultrices leo, eu posuere diam dolor a turpis. Etiam ultricies lacus eu turpis luctus sodales sed sit amet lectus. Etiam in ante quam. Maecenas in luctus ex. Nam interdum rhoncus augue. Ut ultrices vel ipsum vel placerat. Mauris gravida molestie odio sed commodo.\r\n\r\nInteger vel ex in velit varius volutpat eget a neque. Pellentesque egestas vestibulum odio, sit amet commodo dolor suscipit id. Morbi dui sapien, ornare a finibus vitae, iaculis ac tellus. Duis dapibus cursus urna, sit amet cursus justo aliquet a. In dignissim, erat sit amet cursus lacinia, tellus ex faucibus velit, eu eleifend velit sem nec eros. Nulla venenatis a neque ac luctus. Phasellus risus mauris, dapibus sit amet augue ullamcorper, suscipit vestibulum urna. Aliquam quis odio non nibh laoreet finibus. Sed faucibus dolor ipsum, blandit ornare urna ultrices et. Pellentesque in tristique lacus.\r\n\r\nUt sed odio augue. Lorem ipsum dolor sit amet, consectetur adipiscing elit. Duis non nunc pulvinar, scelerisque mauris sed, fermentum sem. In tempor scelerisque tellus pharetra egestas. Donec congue dui vel faucibus malesuada. Praesent in urna fringilla, varius dui vitae, gravida quam. Etiam vehicula est ut lorem sagittis sollicitudin. Orci varius natoque penatibus et magnis dis parturient montes, nascetur ridiculus mus. Ut iaculis molestie erat.\r\n\r\nInteger quis porta lorem, vitae tincidunt ante. Fusce vitae orci ligula. Sed et nulla purus. In dapibus semper condimentum. In tristique sem quis efficitur volutpat. Fusce id ultrices nisi, eu consectetur purus. Nulla velit erat, rhoncus vitae nibh et, aliquet feugiat dolor. Nulla malesuada magna a turpis volutpat posuere.\r\n\r\nDuis lacus nunc, tempor et commodo id, mattis sed risus. Suspendisse faucibus, elit fermentum vestibulum lobortis, velit urna egestas eros, mattis commodo dui nulla at massa. Pellentesque feugiat ante urna, sit amet euismod libero semper sed. Sed viverra at augue at ultrices. Sed commodo nibh sed auctor pulvinar. Nulla vel sollicitudin dui. Aenean accumsan nec nibh vitae imperdiet. Suspendisse eleifend elit neque, et dignissim erat pulvinar quis. Vivamus magna tellus, iaculis a sagittis non, tincidunt ut massa. Duis fringilla quam non iaculis porta.\r\n\r\nNam sit amet ligula dui. Suspendisse luctus scelerisque arcu, sit amet sodales dui ultricies id. Praesent turpis magna, tempor sit amet tortor ac, vehicula placerat enim. Vivamus condimentum interdum ultrices. Sed id dignissim turpis. Nullam feugiat, lorem sit amet facilisis congue, neque risus hendrerit lectus, nec feugiat nunc diam et purus. In sed risus massa. Proin convallis orci erat, ut accumsan tellus bibendum at. Suspendisse in risus eget orci.', NULL, NULL, 1, 81, 'patients/unnamed.jpg', 'On Road to Oblivion', 'Los Angeles', 1000000, 75000),
(3, 'Olaf Chacia', 28, 'Lorem ipsum dolor sit amet, consectetur adipiscing elit. Sed turpis libero, fermentum vitae ex a, suscipit efficitur odio. Ut eu eros scelerisque, porta tortor a, tincidunt quam. Praesent venenatis laoreet lacinia. Nunc egestas turpis quis felis tincidunt, et cursus urna sollicitudin. Aliquam a ullamcorper magna. Nulla vulputate leo eu magna luctus, nec efficitur arcu vehicula. Vestibulum eleifend finibus imperdiet. Morbi interdum fringilla ante, quis blandit dui finibus sed. Maecenas lacus turpis, feugiat et porttitor id, hendrerit at tortor. Fusce pharetra, ipsum nec volutpat congue, sapien odio efficitur nunc, non volutpat ipsum lectus ac massa. Morbi bibendum lorem sem, eget varius nisl euismod non. Morbi quis http://127.0.0.1/openserver/phpmyadmin/tbl_sql.phpornare ipsum. Etiam aliquet, ligula non convallis aliquet, odio sem tempus ante, nec ultricies nisl risus eget turpis. Quisque bibendum justo eget vestibulum cursus.\r\n\r\nSuspendisse quis lobortis est. In sit amet velit arcu. Duis vel ullamcorper nibh. Vestibulum facilisis orci quam, at finibus ligula gravida at. Ut velit felis, convallis sed aliquam eu, fringilla ut diam. Fusce fermentum sollicitudin nisi rhoncus congue. Sed eget convallis enim. In faucibus malesuada ante, nec tempor ligula lacinia ut. Morbi sollicitudin, purus vitae consequat varius, risus velit blandit tellus, vel scelerisque enim erat ac ligula. Sed in commodo mauris. Vestibulum scelerisque erat sit amet dapibus aliquet.\r\n\r\nCras rhoncus sapien turpis, eu rhoncus purus efficitur a. Phasellus nec pellentesque purus. Phasellus dictum lobortis purus quis rhoncus. Vivamus est risus, malesuada vitae dui eget, tempor ullamcorper lectus. Curabitur ut sapien eu felis placerat porta non quis nunc. Integer interdum ultrices maximus. Nulla ultrices et mi nec pulvinar. Fusce ut tincidunt nisi. Aliquam volutpat risus nec mauris aliquam accumsan.\r\n\r\nNam lacinia tempor leo ut tincidunt. Integer placerat sed nisl non porttitor. Fusce quis turpis et orci suscipit vehicula. Phasellus quis arcu vitae nisl scelerisque condimentum. Mauris fringilla mauris sed ullamcorper vulputate. Duis vestibulum magna a neque fringilla mattis. Ut sed lorem non nunc semper varius vitae vel nisi. Praesent suscipit urna pulvinar interdum placerat. Cras velit metus, viverra in aliquet eget, ullamcorper in ex. Vivamus viverra neque a eros maximus, sit amet blandit leo ultricies. Sed vitae enim at odio mattis ornare. Sed consequat ultricies tincidunt. Pellentesque accumsan vulputate neque at pharetra.\r\n\r\nInteger ultricies sodales ex nec blandit. Pellentesque non luctus turpis, eu viverra ante. Etiam sodales venenatis accumsan. Cras sit amet scelerisque sem. In placerat interdum dignissim. Praesent tincidunt augue eget mi varius, et blandit erat sodales. Pellentesque habitant morbi tristique senectus et netus et malesuada fames ac turpis egestas. Nulla faucibus, eros sed lacinia tristique, risus mi posuere lectus, eget venenatis urna quam a urna. Aliquam vehicula congue leo, eu malesuada eros vulputate et. Mauris non ipsum rhoncus, egestas sapien laoreet, dignissim dolor. Aenean lectus mauris, porta sit amet turpis non, mollis sagittis nunc. Quisque eleifend felis sed orci gravida viverra pulvinar eu elit. Vestibulum sapien risus, sollicitudin sed placerat a, tempor vel quam.\r\n\r\nNulla ultricies eros a imperdiet iaculis. Donec vulputate nibh erat, nec rhoncus urna sollicitudin non. Nullam sollicitudin interdum velit, at consequat nunc tempor quis. Duis convallis ligula non nulla tincidunt viverra non non purus. Aenean elementum mi a maximus efficitur. Nam vel orci vel mauris pretium consequat a quis odio. Quisque eget semper dolor, at eleifend nunc. Interdum et malesuada fames ac ante ipsum primis in faucibus. Aenean venenatis non dui a maximus. Donec quis nibh a mauris consequat egestas sit amet et urna.\r\n\r\nNulla non nisl sed ex lacinia aliquet aliquam eu purus. Integer a est id eros accumsan lobortis. Vivamus et fringilla nisl. Ut aliquet id ipsum at consequat. In non feugiat risus. Fusce facilisis, tortor nec eleifend imperdiet, mi ligula ultrices leo, eu posuere diam dolor a turpis. Etiam ultricies lacus eu turpis luctus sodales sed sit amet lectus. Etiam in ante quam. Maecenas in luctus ex. Nam interdum rhoncus augue. Ut ultrices vel ipsum vel placerat. Mauris gravida molestie odio sed commodo.\r\n\r\nInteger vel ex in velit varius volutpat eget a neque. Pellentesque egestas vestibulum odio, sit amet commodo dolor suscipit id. Morbi dui sapien, ornare a finibus vitae, iaculis ac tellus. Duis dapibus cursus urna, sit amet cursus justo aliquet a. In dignissim, erat sit amet cursus lacinia, tellus ex faucibus velit, eu eleifend velit sem nec eros. Nulla venenatis a neque ac luctus. Phasellus risus mauris, dapibus sit amet augue ullamcorper, suscipit vestibulum urna. Aliquam quis odio non nibh laoreet finibus. Sed faucibus dolor ipsum, blandit ornare urna ultrices et. Pellentesque in tristique lacus.\r\n\r\nUt sed odio augue. Lorem ipsum dolor sit amet, consectetur adipiscing elit. Duis non nunc pulvinar, scelerisque mauris sed, fermentum sem. In tempor scelerisque tellus pharetra egestas. Donec congue dui vel faucibus malesuada. Praesent in urna fringilla, varius dui vitae, gravida quam. Etiam vehicula est ut lorem sagittis sollicitudin. Orci varius natoque penatibus et magnis dis parturient montes, nascetur ridiculus mus. Ut iaculis molestie erat.\r\n\r\nInteger quis porta lorem, vitae tincidunt ante. Fusce vitae orci ligula. Sed et nulla purus. In dapibus semper condimentum. In tristique sem quis efficitur volutpat. Fusce id ultrices nisi, eu consectetur purus. Nulla velit erat, rhoncus vitae nibh et, aliquet feugiat dolor. Nulla malesuada magna a turpis volutpat posuere.\r\n\r\nDuis lacus nunc, tempor et commodo id, mattis sed risus. Suspendisse faucibus, elit fermentum vestibulum lobortis, velit urna egestas eros, mattis commodo dui nulla at massa. Pellentesque feugiat ante urna, sit amet euismod libero semper sed. Sed viverra at augue at ultrices. Sed commodo nibh sed auctor pulvinar. Nulla vel sollicitudin dui. Aenean accumsan nec nibh vitae imperdiet. Suspendisse eleifend elit neque, et dignissim erat pulvinar quis. Vivamus magna tellus, iaculis a sagittis non, tincidunt ut massa. Duis fringilla quam non iaculis porta.\r\n\r\nNam sit amet ligula dui. Suspendisse luctus scelerisque arcu, sit amet sodales dui ultricies id. Praesent turpis magna, tempor sit amet tortor ac, vehicula placerat enim. Vivamus condimentum interdum ultrices. Sed id dignissim turpis. Nullam feugiat, lorem sit amet facilisis congue, neque risus hendrerit lectus, nec feugiat nunc diam et purus. In sed risus massa. Proin convallis orci erat, ut accumsan tellus bibendum at. Suspendisse in risus eget orci.', NULL, NULL, 0, 538, '/patients/pat4info.jpg', 'Podajcie na piwo, bo umre ', 'śmietnik', 200, 153),
(4, 'Andrew Matsuk', 25, 'Lorem ipsum dolor sit amet, consectetur adipiscing elit. Sed turpis libero, fermentum vitae ex a, suscipit efficitur odio. Ut eu eros scelerisque, porta tortor a, tincidunt quam. Praesent venenatis laoreet lacinia. Nunc egestas turpis quis felis tincidunt, et cursus urna sollicitudin. Aliquam a ullamcorper magna. Nulla vulputate leo eu magna luctus, nec efficitur arcu vehicula. Vestibulum eleifend finibus imperdiet. Morbi interdum fringilla ante, quis blandit dui finibus sed. Maecenas lacus turpis, feugiat et porttitor id, hendrerit at tortor. Fusce pharetra, ipsum nec volutpat congue, sapien odio efficitur nunc, non volutpat ipsum lectus ac massa. Morbi bibendum lorem sem, eget varius nisl euismod non. Morbi quis http://127.0.0.1/openserver/phpmyadmin/tbl_sql.phpornare ipsum. Etiam aliquet, ligula non convallis aliquet, odio sem tempus ante, nec ultricies nisl risus eget turpis. Quisque bibendum justo eget vestibulum cursus.\r\n\r\nSuspendisse quis lobortis est. In sit amet velit arcu. Duis vel ullamcorper nibh. Vestibulum facilisis orci quam, at finibus ligula gravida at. Ut velit felis, convallis sed aliquam eu, fringilla ut diam. Fusce fermentum sollicitudin nisi rhoncus congue. Sed eget convallis enim. In faucibus malesuada ante, nec tempor ligula lacinia ut. Morbi sollicitudin, purus vitae consequat varius, risus velit blandit tellus, vel scelerisque enim erat ac ligula. Sed in commodo mauris. Vestibulum scelerisque erat sit amet dapibus aliquet.\r\n\r\nCras rhoncus sapien turpis, eu rhoncus purus efficitur a. Phasellus nec pellentesque purus. Phasellus dictum lobortis purus quis rhoncus. Vivamus est risus, malesuada vitae dui eget, tempor ullamcorper lectus. Curabitur ut sapien eu felis placerat porta non quis nunc. Integer interdum ultrices maximus. Nulla ultrices et mi nec pulvinar. Fusce ut tincidunt nisi. Aliquam volutpat risus nec mauris aliquam accumsan.\r\n\r\nNam lacinia tempor leo ut tincidunt. Integer placerat sed nisl non porttitor. Fusce quis turpis et orci suscipit vehicula. Phasellus quis arcu vitae nisl scelerisque condimentum. Mauris fringilla mauris sed ullamcorper vulputate. Duis vestibulum magna a neque fringilla mattis. Ut sed lorem non nunc semper varius vitae vel nisi. Praesent suscipit urna pulvinar interdum placerat. Cras velit metus, viverra in aliquet eget, ullamcorper in ex. Vivamus viverra neque a eros maximus, sit amet blandit leo ultricies. Sed vitae enim at odio mattis ornare. Sed consequat ultricies tincidunt. Pellentesque accumsan vulputate neque at pharetra.\r\n\r\nInteger ultricies sodales ex nec blandit. Pellentesque non luctus turpis, eu viverra ante. Etiam sodales venenatis accumsan. Cras sit amet scelerisque sem. In placerat interdum dignissim. Praesent tincidunt augue eget mi varius, et blandit erat sodales. Pellentesque habitant morbi tristique senectus et netus et malesuada fames ac turpis egestas. Nulla faucibus, eros sed lacinia tristique, risus mi posuere lectus, eget venenatis urna quam a urna. Aliquam vehicula congue leo, eu malesuada eros vulputate et. Mauris non ipsum rhoncus, egestas sapien laoreet, dignissim dolor. Aenean lectus mauris, porta sit amet turpis non, mollis sagittis nunc. Quisque eleifend felis sed orci gravida viverra pulvinar eu elit. Vestibulum sapien risus, sollicitudin sed placerat a, tempor vel quam.\r\n\r\nNulla ultricies eros a imperdiet iaculis. Donec vulputate nibh erat, nec rhoncus urna sollicitudin non. Nullam sollicitudin interdum velit, at consequat nunc tempor quis. Duis convallis ligula non nulla tincidunt viverra non non purus. Aenean elementum mi a maximus efficitur. Nam vel orci vel mauris pretium consequat a quis odio. Quisque eget semper dolor, at eleifend nunc. Interdum et malesuada fames ac ante ipsum primis in faucibus. Aenean venenatis non dui a maximus. Donec quis nibh a mauris consequat egestas sit amet et urna.\r\n\r\nNulla non nisl sed ex lacinia aliquet aliquam eu purus. Integer a est id eros accumsan lobortis. Vivamus et fringilla nisl. Ut aliquet id ipsum at consequat. In non feugiat risus. Fusce facilisis, tortor nec eleifend imperdiet, mi ligula ultrices leo, eu posuere diam dolor a turpis. Etiam ultricies lacus eu turpis luctus sodales sed sit amet lectus. Etiam in ante quam. Maecenas in luctus ex. Nam interdum rhoncus augue. Ut ultrices vel ipsum vel placerat. Mauris gravida molestie odio sed commodo.\r\n\r\nInteger vel ex in velit varius volutpat eget a neque. Pellentesque egestas vestibulum odio, sit amet commodo dolor suscipit id. Morbi dui sapien, ornare a finibus vitae, iaculis ac tellus. Duis dapibus cursus urna, sit amet cursus justo aliquet a. In dignissim, erat sit amet cursus lacinia, tellus ex faucibus velit, eu eleifend velit sem nec eros. Nulla venenatis a neque ac luctus. Phasellus risus mauris, dapibus sit amet augue ullamcorper, suscipit vestibulum urna. Aliquam quis odio non nibh laoreet finibus. Sed faucibus dolor ipsum, blandit ornare urna ultrices et. Pellentesque in tristique lacus.\r\n\r\nUt sed odio augue. Lorem ipsum dolor sit amet, consectetur adipiscing elit. Duis non nunc pulvinar, scelerisque mauris sed, fermentum sem. In tempor scelerisque tellus pharetra egestas. Donec congue dui vel faucibus malesuada. Praesent in urna fringilla, varius dui vitae, gravida quam. Etiam vehicula est ut lorem sagittis sollicitudin. Orci varius natoque penatibus et magnis dis parturient montes, nascetur ridiculus mus. Ut iaculis molestie erat.\r\n\r\nInteger quis porta lorem, vitae tincidunt ante. Fusce vitae orci ligula. Sed et nulla purus. In dapibus semper condimentum. In tristique sem quis efficitur volutpat. Fusce id ultrices nisi, eu consectetur purus. Nulla velit erat, rhoncus vitae nibh et, aliquet feugiat dolor. Nulla malesuada magna a turpis volutpat posuere.\r\n\r\nDuis lacus nunc, tempor et commodo id, mattis sed risus. Suspendisse faucibus, elit fermentum vestibulum lobortis, velit urna egestas eros, mattis commodo dui nulla at massa. Pellentesque feugiat ante urna, sit amet euismod libero semper sed. Sed viverra at augue at ultrices. Sed commodo nibh sed auctor pulvinar. Nulla vel sollicitudin dui. Aenean accumsan nec nibh vitae imperdiet. Suspendisse eleifend elit neque, et dignissim erat pulvinar quis. Vivamus magna tellus, iaculis a sagittis non, tincidunt ut massa. Duis fringilla quam non iaculis porta.\r\n\r\nNam sit amet ligula dui. Suspendisse luctus scelerisque arcu, sit amet sodales dui ultricies id. Praesent turpis magna, tempor sit amet tortor ac, vehicula placerat enim. Vivamus condimentum interdum ultrices. Sed id dignissim turpis. Nullam feugiat, lorem sit amet facilisis congue, neque risus hendrerit lectus, nec feugiat nunc diam et purus. In sed risus massa. Proin convallis orci erat, ut accumsan tellus bibendum at. Suspendisse in risus eget orci.', NULL, NULL, 1, 1010, 'patients/unknown.png', 'В мене є абітурєнт і йому треба лоботомію срочно ', 'Ternopil Cyberpolis', 10000, 15000),
(5, 'Kubas Jamnik', 25, 'Lorem ipsum dolor sit amet, consectetur adipiscing elit. Sed turpis libero, fermentum vitae ex a, suscipit efficitur odio. Ut eu eros scelerisque, porta tortor a, tincidunt quam. Praesent venenatis laoreet lacinia. Nunc egestas turpis quis felis tincidunt, et cursus urna sollicitudin. Aliquam a ullamcorper magna. Nulla vulputate leo eu magna luctus, nec efficitur arcu vehicula. Vestibulum eleifend finibus imperdiet. Morbi interdum fringilla ante, quis blandit dui finibus sed. Maecenas lacus turpis, feugiat et porttitor id, hendrerit at tortor. Fusce pharetra, ipsum nec volutpat congue, sapien odio efficitur nunc, non volutpat ipsum lectus ac massa. Morbi bibendum lorem sem, eget varius nisl euismod non. Morbi quis http://127.0.0.1/openserver/phpmyadmin/tbl_sql.phpornare ipsum. Etiam aliquet, ligula non convallis aliquet, odio sem tempus ante, nec ultricies nisl risus eget turpis. Quisque bibendum justo eget vestibulum cursus.\r\n\r\nSuspendisse quis lobortis est. In sit amet velit arcu. Duis vel ullamcorper nibh. Vestibulum facilisis orci quam, at finibus ligula gravida at. Ut velit felis, convallis sed aliquam eu, fringilla ut diam. Fusce fermentum sollicitudin nisi rhoncus congue. Sed eget convallis enim. In faucibus malesuada ante, nec tempor ligula lacinia ut. Morbi sollicitudin, purus vitae consequat varius, risus velit blandit tellus, vel scelerisque enim erat ac ligula. Sed in commodo mauris. Vestibulum scelerisque erat sit amet dapibus aliquet.\r\n\r\nCras rhoncus sapien turpis, eu rhoncus purus efficitur a. Phasellus nec pellentesque purus. Phasellus dictum lobortis purus quis rhoncus. Vivamus est risus, malesuada vitae dui eget, tempor ullamcorper lectus. Curabitur ut sapien eu felis placerat porta non quis nunc. Integer interdum ultrices maximus. Nulla ultrices et mi nec pulvinar. Fusce ut tincidunt nisi. Aliquam volutpat risus nec mauris aliquam accumsan.\r\n\r\nNam lacinia tempor leo ut tincidunt. Integer placerat sed nisl non porttitor. Fusce quis turpis et orci suscipit vehicula. Phasellus quis arcu vitae nisl scelerisque condimentum. Mauris fringilla mauris sed ullamcorper vulputate. Duis vestibulum magna a neque fringilla mattis. Ut sed lorem non nunc semper varius vitae vel nisi. Praesent suscipit urna pulvinar interdum placerat. Cras velit metus, viverra in aliquet eget, ullamcorper in ex. Vivamus viverra neque a eros maximus, sit amet blandit leo ultricies. Sed vitae enim at odio mattis ornare. Sed consequat ultricies tincidunt. Pellentesque accumsan vulputate neque at pharetra.\r\n\r\nInteger ultricies sodales ex nec blandit. Pellentesque non luctus turpis, eu viverra ante. Etiam sodales venenatis accumsan. Cras sit amet scelerisque sem. In placerat interdum dignissim. Praesent tincidunt augue eget mi varius, et blandit erat sodales. Pellentesque habitant morbi tristique senectus et netus et malesuada fames ac turpis egestas. Nulla faucibus, eros sed lacinia tristique, risus mi posuere lectus, eget venenatis urna quam a urna. Aliquam vehicula congue leo, eu malesuada eros vulputate et. Mauris non ipsum rhoncus, egestas sapien laoreet, dignissim dolor. Aenean lectus mauris, porta sit amet turpis non, mollis sagittis nunc. Quisque eleifend felis sed orci gravida viverra pulvinar eu elit. Vestibulum sapien risus, sollicitudin sed placerat a, tempor vel quam.\r\n\r\nNulla ultricies eros a imperdiet iaculis. Donec vulputate nibh erat, nec rhoncus urna sollicitudin non. Nullam sollicitudin interdum velit, at consequat nunc tempor quis. Duis convallis ligula non nulla tincidunt viverra non non purus. Aenean elementum mi a maximus efficitur. Nam vel orci vel mauris pretium consequat a quis odio. Quisque eget semper dolor, at eleifend nunc. Interdum et malesuada fames ac ante ipsum primis in faucibus. Aenean venenatis non dui a maximus. Donec quis nibh a mauris consequat egestas sit amet et urna.\r\n\r\nNulla non nisl sed ex lacinia aliquet aliquam eu purus. Integer a est id eros accumsan lobortis. Vivamus et fringilla nisl. Ut aliquet id ipsum at consequat. In non feugiat risus. Fusce facilisis, tortor nec eleifend imperdiet, mi ligula ultrices leo, eu posuere diam dolor a turpis. Etiam ultricies lacus eu turpis luctus sodales sed sit amet lectus. Etiam in ante quam. Maecenas in luctus ex. Nam interdum rhoncus augue. Ut ultrices vel ipsum vel placerat. Mauris gravida molestie odio sed commodo.\r\n\r\nInteger vel ex in velit varius volutpat eget a neque. Pellentesque egestas vestibulum odio, sit amet commodo dolor suscipit id. Morbi dui sapien, ornare a finibus vitae, iaculis ac tellus. Duis dapibus cursus urna, sit amet cursus justo aliquet a. In dignissim, erat sit amet cursus lacinia, tellus ex faucibus velit, eu eleifend velit sem nec eros. Nulla venenatis a neque ac luctus. Phasellus risus mauris, dapibus sit amet augue ullamcorper, suscipit vestibulum urna. Aliquam quis odio non nibh laoreet finibus. Sed faucibus dolor ipsum, blandit ornare urna ultrices et. Pellentesque in tristique lacus.\r\n\r\nUt sed odio augue. Lorem ipsum dolor sit amet, consectetur adipiscing elit. Duis non nunc pulvinar, scelerisque mauris sed, fermentum sem. In tempor scelerisque tellus pharetra egestas. Donec congue dui vel faucibus malesuada. Praesent in urna fringilla, varius dui vitae, gravida quam. Etiam vehicula est ut lorem sagittis sollicitudin. Orci varius natoque penatibus et magnis dis parturient montes, nascetur ridiculus mus. Ut iaculis molestie erat.\r\n\r\nInteger quis porta lorem, vitae tincidunt ante. Fusce vitae orci ligula. Sed et nulla purus. In dapibus semper condimentum. In tristique sem quis efficitur volutpat. Fusce id ultrices nisi, eu consectetur purus. Nulla velit erat, rhoncus vitae nibh et, aliquet feugiat dolor. Nulla malesuada magna a turpis volutpat posuere.\r\n\r\nDuis lacus nunc, tempor et commodo id, mattis sed risus. Suspendisse faucibus, elit fermentum vestibulum lobortis, velit urna egestas eros, mattis commodo dui nulla at massa. Pellentesque feugiat ante urna, sit amet euismod libero semper sed. Sed viverra at augue at ultrices. Sed commodo nibh sed auctor pulvinar. Nulla vel sollicitudin dui. Aenean accumsan nec nibh vitae imperdiet. Suspendisse eleifend elit neque, et dignissim erat pulvinar quis. Vivamus magna tellus, iaculis a sagittis non, tincidunt ut massa. Duis fringilla quam non iaculis porta.\r\n\r\nNam sit amet ligula dui. Suspendisse luctus scelerisque arcu, sit amet sodales dui ultricies id. Praesent turpis magna, tempor sit amet tortor ac, vehicula placerat enim. Vivamus condimentum interdum ultrices. Sed id dignissim turpis. Nullam feugiat, lorem sit amet facilisis congue, neque risus hendrerit lectus, nec feugiat nunc diam et purus. In sed risus massa. Proin convallis orci erat, ut accumsan tellus bibendum at. Suspendisse in risus eget orci.', NULL, NULL, 0, 186, 'patients/jamnik-charakterystyka-rasy-i-dokladny-opis-2389522.jpg', 'na psa ', 'Obok lasu', 8752, 78),
(6, 'Аліна з АКІТ', 49, '\r\nLorem ipsum dolor sit amet, consectetur adipiscing elit. Sed vitae congue nisl. Vivamus ut porta nulla. Cras lorem magna, laoreet eu mattis ac, rutrum eget neque. Etiam viverra quam vitae congue volutpat. Curabitur malesuada dictum ante sed varius. Curabitur vulputate erat magna, ac vestibulum lacus tempor et. Sed fermentum id dui in mollis. Pellentesque egestas fermentum tortor eu mattis. Sed ornare quis massa nec dapibus. Phasellus quis erat a urna vestibulum ullamcorper. Nam fringilla nibh in mauris consectetur ullamcorper. Curabitur nisi lacus, viverra aliquam tempor eget, posuere vel ante. Etiam et pulvinar nibh, id hendrerit ex.\r\n\r\nVestibulum a ultrices magna. Curabitur mattis mi lectus, sit amet molestie elit aliquam et. Vivamus eros augue, scelerisque ac urna nec, dapibus tincidunt turpis. Curabitur venenatis ligula vel ipsum lacinia, et aliquam sem lobortis. Vestibulum ligula nisi, rutrum nec quam at, maximus porttitor eros. Etiam non augue mi. Nullam vestibulum, nisl eget eleifend faucibus, erat diam elementum sapien, feugiat interdum erat lorem et augue. Nunc ultricies elementum metus, at blandit quam fermentum eu. Aliquam erat volutpat.\r\n\r\nPhasellus euismod erat magna, non luctus nisl viverra vel. Etiam porttitor nisl metus, vitae aliquam odio egestas in. Donec ac vehicula turpis, sed molestie ligula. Aenean rhoncus diam turpis, eget porttitor nibh pulvinar sit amet. Etiam vitae erat enim. Nunc ut facilisis tellus. Nulla sit amet tellus dapibus, rutrum sapien eget, pretium nisi. Vestibulum rhoncus justo et lacus pretium, imperdiet tempus orci aliquam. Sed congue lacinia ex sit amet dignissim. Aliquam aliquet ex quis ultrices molestie. Suspendisse bibendum.', NULL, NULL, 1, 9038, 'patients/pat12info.png', 'На другий характер', 'Тернопіль', 8896, 265),
(7, 'Artorias Abysswalker', 28, 'Lorem ipsum dolor sit amet, consectetur adipiscing elit. Sed turpis libero, fermentum vitae ex a, suscipit efficitur odio. Ut eu eros scelerisque, porta tortor a, tincidunt quam. Praesent venenatis laoreet lacinia. Nunc egestas turpis quis felis tincidunt, et cursus urna sollicitudin. Aliquam a ullamcorper magna. Nulla vulputate leo eu magna luctus, nec efficitur arcu vehicula. Vestibulum eleifend finibus imperdiet. Morbi interdum fringilla ante, quis blandit dui finibus sed. Maecenas lacus turpis, feugiat et porttitor id, hendrerit at tortor. Fusce pharetra, ipsum nec volutpat congue, sapien odio efficitur nunc, non volutpat ipsum lectus ac massa. Morbi bibendum lorem sem, eget varius nisl euismod non. Morbi quis http://127.0.0.1/openserver/phpmyadmin/tbl_sql.phpornare ipsum. Etiam aliquet, ligula non convallis aliquet, odio sem tempus ante, nec ultricies nisl risus eget turpis. Quisque bibendum justo eget vestibulum cursus.\r\n\r\nSuspendisse quis lobortis est. In sit amet velit arcu. Duis vel ullamcorper nibh. Vestibulum facilisis orci quam, at finibus ligula gravida at. Ut velit felis, convallis sed aliquam eu, fringilla ut diam. Fusce fermentum sollicitudin nisi rhoncus congue. Sed eget convallis enim. In faucibus malesuada ante, nec tempor ligula lacinia ut. Morbi sollicitudin, purus vitae consequat varius, risus velit blandit tellus, vel scelerisque enim erat ac ligula. Sed in commodo mauris. Vestibulum scelerisque erat sit amet dapibus aliquet.\r\n\r\nCras rhoncus sapien turpis, eu rhoncus purus efficitur a. Phasellus nec pellentesque purus. Phasellus dictum lobortis purus quis rhoncus. Vivamus est risus, malesuada vitae dui eget, tempor ullamcorper lectus. Curabitur ut sapien eu felis placerat porta non quis nunc. Integer interdum ultrices maximus. Nulla ultrices et mi nec pulvinar. Fusce ut tincidunt nisi. Aliquam volutpat risus nec mauris aliquam accumsan.\r\n\r\nNam lacinia tempor leo ut tincidunt. Integer placerat sed nisl non porttitor. Fusce quis turpis et orci suscipit vehicula. Phasellus quis arcu vitae nisl scelerisque condimentum. Mauris fringilla mauris sed ullamcorper vulputate. Duis vestibulum magna a neque fringilla mattis. Ut sed lorem non nunc semper varius vitae vel nisi. Praesent suscipit urna pulvinar interdum placerat. Cras velit metus, viverra in aliquet eget, ullamcorper in ex. Vivamus viverra neque a eros maximus, sit amet blandit leo ultricies. Sed vitae enim at odio mattis ornare. Sed consequat ultricies tincidunt. Pellentesque accumsan vulputate neque at pharetra.\r\n\r\nInteger ultricies sodales ex nec blandit. Pellentesque non luctus turpis, eu viverra ante. Etiam sodales venenatis accumsan. Cras sit amet scelerisque sem. In placerat interdum dignissim. Praesent tincidunt augue eget mi varius, et blandit erat sodales. Pellentesque habitant morbi tristique senectus et netus et malesuada fames ac turpis egestas. Nulla faucibus, eros sed lacinia tristique, risus mi posuere lectus, eget venenatis urna quam a urna. Aliquam vehicula congue leo, eu malesuada eros vulputate et. Mauris non ipsum rhoncus, egestas sapien laoreet, dignissim dolor. Aenean lectus mauris, porta sit amet turpis non, mollis sagittis nunc. Quisque eleifend felis sed orci gravida viverra pulvinar eu elit. Vestibulum sapien risus, sollicitudin sed placerat a, tempor vel quam.\r\n\r\nNulla ultricies eros a imperdiet iaculis. Donec vulputate nibh erat, nec rhoncus urna sollicitudin non. Nullam sollicitudin interdum velit, at consequat nunc tempor quis. Duis convallis ligula non nulla tincidunt viverra non non purus. Aenean elementum mi a maximus efficitur. Nam vel orci vel mauris pretium consequat a quis odio. Quisque eget semper dolor, at eleifend nunc. Interdum et malesuada fames ac ante ipsum primis in faucibus. Aenean venenatis non dui a maximus. Donec quis nibh a mauris consequat egestas sit amet et urna.\r\n\r\nNulla non nisl sed ex lacinia aliquet aliquam eu purus. Integer a est id eros accumsan lobortis. Vivamus et fringilla nisl. Ut aliquet id ipsum at consequat. In non feugiat risus. Fusce facilisis, tortor nec eleifend imperdiet, mi ligula ultrices leo, eu posuere diam dolor a turpis. Etiam ultricies lacus eu turpis luctus sodales sed sit amet lectus. Etiam in ante quam. Maecenas in luctus ex. Nam interdum rhoncus augue. Ut ultrices vel ipsum vel placerat. Mauris gravida molestie odio sed commodo.\r\n\r\nInteger vel ex in velit varius volutpat eget a neque. Pellentesque egestas vestibulum odio, sit amet commodo dolor suscipit id. Morbi dui sapien, ornare a finibus vitae, iaculis ac tellus. Duis dapibus cursus urna, sit amet cursus justo aliquet a. In dignissim, erat sit amet cursus lacinia, tellus ex faucibus velit, eu eleifend velit sem nec eros. Nulla venenatis a neque ac luctus. Phasellus risus mauris, dapibus sit amet augue ullamcorper, suscipit vestibulum urna. Aliquam quis odio non nibh laoreet finibus. Sed faucibus dolor ipsum, blandit ornare urna ultrices et. Pellentesque in tristique lacus.\r\n\r\nUt sed odio augue. Lorem ipsum dolor sit amet, consectetur adipiscing elit. Duis non nunc pulvinar, scelerisque mauris sed, fermentum sem. In tempor scelerisque tellus pharetra egestas. Donec congue dui vel faucibus malesuada. Praesent in urna fringilla, varius dui vitae, gravida quam. Etiam vehicula est ut lorem sagittis sollicitudin. Orci varius natoque penatibus et magnis dis parturient montes, nascetur ridiculus mus. Ut iaculis molestie erat.\r\n\r\nInteger quis porta lorem, vitae tincidunt ante. Fusce vitae orci ligula. Sed et nulla purus. In dapibus semper condimentum. In tristique sem quis efficitur volutpat. Fusce id ultrices nisi, eu consectetur purus. Nulla velit erat, rhoncus vitae nibh et, aliquet feugiat dolor. Nulla malesuada magna a turpis volutpat posuere.\r\n\r\nDuis lacus nunc, tempor et commodo id, mattis sed risus. Suspendisse faucibus, elit fermentum vestibulum lobortis, velit urna egestas eros, mattis commodo dui nulla at massa. Pellentesque feugiat ante urna, sit amet euismod libero semper sed. Sed viverra at augue at ultrices. Sed commodo nibh sed auctor pulvinar. Nulla vel sollicitudin dui. Aenean accumsan nec nibh vitae imperdiet. Suspendisse eleifend elit neque, et dignissim erat pulvinar quis. Vivamus magna tellus, iaculis a sagittis non, tincidunt ut massa. Duis fringilla quam non iaculis porta.\r\n\r\nNam sit amet ligula dui. Suspendisse luctus scelerisque arcu, sit amet sodales dui ultricies id. Praesent turpis magna, tempor sit amet tortor ac, vehicula placerat enim. Vivamus condimentum interdum ultrices. Sed id dignissim turpis. Nullam feugiat, lorem sit amet facilisis congue, neque risus hendrerit lectus, nec feugiat nunc diam et purus. In sed risus massa. Proin convallis orci erat, ut accumsan tellus bibendum at. Suspendisse in risus eget orci.', NULL, NULL, 1, 1329, 'patients/il_570xN.1446777985_sbys.jpg', 'На гроб Манусу', 'Лордран', 7539, 5025);

-- --------------------------------------------------------

--
-- Структура таблицы `transactions`
--

CREATE TABLE `transactions` (
  `id` int(11) UNSIGNED NOT NULL,
  `amount` int(11) UNSIGNED DEFAULT NULL,
  `email` varchar(191) COLLATE utf8mb4_unicode_520_ci DEFAULT NULL,
  `order_reference` varchar(191) COLLATE utf8mb4_unicode_520_ci DEFAULT NULL,
  `target` tinyint(1) UNSIGNED DEFAULT NULL,
  `user` tinyint(1) UNSIGNED DEFAULT NULL,
  `status` varchar(191) COLLATE utf8mb4_unicode_520_ci DEFAULT NULL,
  `verify` int(11) NOT NULL DEFAULT '0'
) ENGINE=InnoDB DEFAULT CHARSET=utf8mb4 COLLATE=utf8mb4_unicode_520_ci;

--
-- Дамп данных таблицы `transactions`
--

INSERT INTO `transactions` (`id`, `amount`, `email`, `order_reference`, `target`, `user`, `status`, `verify`) VALUES
(557, 8, 'gikorian2002@gmail.com', 'e34120c41bbd538b6fdf738e53f654152d8a9f46', 7, 31, 'Approved', 1),
(561, 7, 'gikorian2002@gmail.com', '3cdb4e67c89d5bcec07480727617d9b222970ed8', 7, 31, 'Approved', 1),
(563, 7, 'gikorian2002@gmail.com', 'e2958d2c2f6abde91960dccd93463d96cac79e21', 7, 31, 'Approved', 1),
(565, 10, 'gikorian2002@gmail.com', '7413f2affaed269e9cf90c6c70e62ae33c72928a', 7, 31, 'Approved', 1),
(566, 9, 'gikorian2002@gmail.com', '9b6ed33b21e881f18ee341e22ba36f0e35fc32e4', 7, 31, 'Approved', 1),
(573, 5, 'gikorian2002@gmail.com', 'e1df3334a5a46ef8fe7f334c0a87398a3f7b3af7', 7, 31, 'Approved', 1),
(574, 1250, 'vinewood02@gmail.com', 'e4525ed4826d26f6646539de384277a36d04f5ee', 7, 25, 'Approved', 1),
(578, 5, 'yarinamatsuk@gmail.com', '399a93ca042a32258b6693ad6229fa40c570ce38', 6, 49, 'Approved', 1),
(590, NULL, NULL, '3daa4ebb2f4ee8692e4b8b489c79c3cd32326652', 7, 25, NULL, 0),
(591, NULL, NULL, '93eca4d3c2e3ff5bbe5b1abc57235b15a15daa6b', 7, 25, NULL, 0);

-- --------------------------------------------------------

--
-- Структура таблицы `users`
--

CREATE TABLE `users` (
  `id` int(11) NOT NULL,
  `name` varchar(50) DEFAULT NULL,
  `surname` varchar(250) NOT NULL,
  `password` varchar(255) DEFAULT NULL,
  `email` varchar(250) DEFAULT NULL,
  `profile_photo` varchar(5000) DEFAULT 'icons/img/profile.png',
  `transaction's` text,
  `hobby` varchar(250) NOT NULL DEFAULT 'Информация отсутствует',
  `views` int(11) NOT NULL DEFAULT '0',
  `token` varchar(60) DEFAULT NULL
) ENGINE=InnoDB DEFAULT CHARSET=utf8;

--
-- Дамп данных таблицы `users`
--

INSERT INTO `users` (`id`, `name`, `surname`, `password`, `email`, `profile_photo`, `transaction's`, `hobby`, `views`, `token`) VALUES
(20, 'Sif', 'Great Wolf', '$2y$10$Vl1PQ96JawJ8m3cLBsUeqOoZGS5K9dx.nWuIPwudnLlVvLmRVgRPC', 'suslik@gmail.com', 'images/medium.jpg', NULL, 'blood for a blood god ', 60, NULL),
(25, 'Ornstein', 'Nordesaut', '$2y$10$20wN0Z2EFyZoe/8.6NSzWeaG2TfqdctPwFTAelGSddXq5JmR/C4Wa', 'vinewood02@gmail.com', 'images/25d76g4z7-37c2e009-bdd0-49d1-9289-6d3207f5b1d9.png', NULL, 'Back-end developer', 189, NULL),
(28, 'Це не', 'справедливо', '$2y$10$mOdUFnsP3WdcMOjGxaj2pOIfUek7QtnKSwmz3u518NPGGtReM7jNC', 'mistrakov@gmail.com', 'images/animation.gif.gif', NULL, 'Інцест', 956, NULL),
(29, 'Andrew', 'Matsuk', '$2y$10$l.u23lBcMQA8MU.VNbwTlOw1PRi2mYJBhRRt6rlFhknT/x9dNQ9DS', 'andsof12345@mail.ru', 'images/29images.jpg', NULL, 'Guitar, programming', 34, NULL),
(30, 'Дадад', 'Nordesaut', '$2y$10$74d2DRdH0Yis7KWotfXMt.vNl5y82S3kvhaP6qelicqA08bheDaD.', 'vensatusalveo@gmail.com', 'icons/img/profile.png', NULL, 'Информация отсутствует', 3, NULL),
(31, 'Sviatoslav', 'Sirskiy', '$2y$10$6Qu2Vyg7YqAHTlu8iMPEGO3WXqVBgHQNjwifREOl9C3dOt.IXlcTW', 'gikorian2002@gmail.com', 'images/Capture001.png', NULL, 'Praise the sun ', 43, NULL),
(32, 'Sasha', 'Storozhenko', '$2y$10$QbTdWpd67jJwfGCo3gdUyuZ/qk8e/ZELzp9eEybhwz7LUOVQ11s8G', 'storozhenko11092003@gmail.com', 'images/1580740918777..jpg', NULL, 'Граюсь своїм хуйом', 8, NULL),
(34, 'Janusz', 'Korwin', '$2y$10$cs89IFU9vdRqvmfKJseKy.rtIgidOToKORziY2a4KUw1QEeoO1YH2', 'tomaszniemiec795@gmail.com', 'images/20191125_101401.jpg', NULL, 'Jebać Mykytę', 4, NULL),
(35, 'Krzysztof', 'Jarzyna', '$2y$10$P2/EHuh2sBmpR8FsRq1UOuRqsL98tJ2QTkJfN0.5/mPdW5w8LnT6u', 'kubusk1@poczta.fm', 'images/158ebb287e07a3f6b80fb1c78f2481da.jpg', NULL, 'ze Szczecina', 5, NULL),
(36, 'Jakub', 'Sosin', '$2y$10$zsfSbUvG4GOingZOCLq1ZOFAvUjnFERwwGiNKmwuPUYjOEDED1F2i', 'xores1331@gmail.com', 'images/pobrane.jpg', NULL, 'Информация отсутствует', 12, 'USetWDqPj9TdU32Sw5lHli8AMepV42VZUasQOTG82AlWEoPatbROt0offObk'),
(37, 'Hubert', 'Klimczyk', '$2y$10$wktDLz5REQAdxcFs5brzCeeRtq2.SIuKMdZSJyLJKunDuQkcK7vGm', 'hubert.klimczyk@vip.onet.pl', 'icons/img/profile.png', NULL, 'Информация отсутствует', 15, NULL),
(38, 'Vanya', 'Zhalyk', '$2y$10$pMO2E3YW.4bbcZEK8hs70ewjQL8/oxuPgtkaCMBuExyPjglUu.0HO', 'vanyagol2002@gmail.com', 'icons/img/profile.png', NULL, 'Информация отсутствует', 13, NULL),
(39, 'John', 'Smiler', '$2y$10$uWZL9O04.aQ/ZdUFrizfzucSzNxrYoF23SrvVM8AfhIGgyaPQG.Cy', 'demyanyuk76@gmail.com', 'icons/img/profile.png', NULL, 'Информация отсутствует', 10, NULL),
(42, 'Diego', 'Creezbe', '$2y$10$U4Gzq0R/CkvA0.jAGT6FIOuAHmS5jMFQ3xXk3frMAjSDeZaJmfYxe', 'venatusalveo@gmail.com', 'icons/img/profile.png', NULL, 'Информация отсутствует', 5, '6aIffqLwyLYKIyJwyxRYe9trEcsuqmCxxlMMLxjkjh52QOyomqmAzQ2d3vIt'),
(43, 'Alina', 'Gerasymiuk', '$2y$10$e.Of2sgZomlpCE4KLXMF5.uSqWk84la3oVPSls5qUoZmTdUUuiuLa', 'alinagerasymiuk@gmail.com', 'icons/img/profile.png', NULL, 'Информация отсутствует', 1, NULL),
(48, 'fuck my ', 'teacher ', '$2y$10$6MLXdvkAjHWju0utM2qS4.pTnNWphK/GboMJMxTNKxlJZ2tUmVoRC', 'cosae@cos.com', 'images/4879404.jpg', NULL, 'Информация отсутствует', 2, NULL),
(49, 'Andrew', 'Matsuk', '$2y$10$Rc4PEC.t.s57r6ExtqYl/uXEref6B6vEPIBDzanPlDtPZJ7dNySs.', 'yarinamatsuk@gmail.com', 'icons/img/profile.png', NULL, 'Информация отсутствует', 37, NULL);

--
-- Индексы сохранённых таблиц
--

--
-- Индексы таблицы `patients`
--
ALTER TABLE `patients`
  ADD PRIMARY KEY (`id`);

--
-- Индексы таблицы `transactions`
--
ALTER TABLE `transactions`
  ADD PRIMARY KEY (`id`);

--
-- Индексы таблицы `users`
--
ALTER TABLE `users`
  ADD PRIMARY KEY (`id`);

--
-- AUTO_INCREMENT для сохранённых таблиц
--

--
-- AUTO_INCREMENT для таблицы `patients`
--
ALTER TABLE `patients`
  MODIFY `id` int(11) NOT NULL AUTO_INCREMENT, AUTO_INCREMENT=8;

--
-- AUTO_INCREMENT для таблицы `transactions`
--
ALTER TABLE `transactions`
  MODIFY `id` int(11) UNSIGNED NOT NULL AUTO_INCREMENT, AUTO_INCREMENT=592;

--
-- AUTO_INCREMENT для таблицы `users`
--
ALTER TABLE `users`
  MODIFY `id` int(11) NOT NULL AUTO_INCREMENT, AUTO_INCREMENT=50;
COMMIT;

/*!40101 SET CHARACTER_SET_CLIENT=@OLD_CHARACTER_SET_CLIENT */;
/*!40101 SET CHARACTER_SET_RESULTS=@OLD_CHARACTER_SET_RESULTS */;
/*!40101 SET COLLATION_CONNECTION=@OLD_COLLATION_CONNECTION */;
